"","x"
"1","askpass"
"2","assertthat"
"3","backports"
"4","base64enc"
"5","bit"
"6","bit64"
"7","blob"
"8","brio"
"9","broom"
"10","bslib"
"11","cachem"
"12","callr"
"13","cellranger"
"14","cli"
"15","clipr"
"16","cluster"
"17","colorspace"
"18","covr"
"19","cpp11"
"20","crayon"
"21","crsmeta"
"22","curl"
"23","data.table"
"24","DBI"
"25","dbplyr"
"26","desc"
"27","diffobj"
"28","digest"
"29","dplyr"
"30","dtplyr"
"31","ellipsis"
"32","evaluate"
"33","fansi"
"34","farver"
"35","fastmap"
"36","fasttime"
"37","feather"
"38","forcats"
"39","foreign"
"40","fs"
"41","gargle"
"42","generics"
"43","ggplot2"
"44","glue"
"45","googledrive"
"46","googlesheets4"
"47","gtable"
"48","haven"
"49","highr"
"50","hms"
"51","htmltools"
"52","httr"
"53","httr2"
"54","ids"
"55","igraph"
"56","installr"
"57","isoband"
"58","jquerylib"
"59","jsonlite"
"60","knitr"
"61","labeling"
"62","lazyeval"
"63","lifecycle"
"64","lubridate"
"65","magrittr"
"66","MASS"
"67","Matrix"
"68","memoise"
"69","mime"
"70","miniCRAN"
"71","modelr"
"72","munsell"
"73","nanotime"
"74","nlme"
"75","openssl"
"76","osmdata"
"77","pillar"
"78","pkgconfig"
"79","pkgload"
"80","praise"
"81","prettyunits"
"82","processx"
"83","progress"
"84","PROJ"
"85","proj4"
"86","ps"
"87","purrr"
"88","R.methodsS3"
"89","R.oo"
"90","R.utils"
"91","R6"
"92","randomForest"
"93","rappdirs"
"94","RColorBrewer"
"95","Rcpp"
"96","RcppCCTZ"
"97","RcppDate"
"98","readr"
"99","readxl"
"100","rematch"
"101","rematch2"
"102","remotes"
"103","reprex"
"104","reproj"
"105","rex"
"106","rJava"
"107","RJDBC"
"108","rlang"
"109","rmarkdown"
"110","RMySQL"
"111","RODBC"
"112","rprojroot"
"113","rstudioapi"
"114","rvest"
"115","sass"
"116","scales"
"117","selectr"
"118","sp"
"119","stringi"
"120","stringr"
"121","survival"
"122","sys"
"123","testthat"
"124","tibble"
"125","tidyr"
"126","tidyselect"
"127","tidyverse"
"128","timeDate"
"129","tinytex"
"130","tzdb"
"131","utf8"
"132","uuid"
"133","vctrs"
"134","viridisLite"
"135","vroom"
"136","waldo"
"137","withr"
"138","xfun"
"139","xml2"
"140","xts"
"141","yaml"
"142","zoo"
"143","base"
"144","boot"
"145","class"
"146","cluster"
"147","codetools"
"148","compiler"
"149","datasets"
"150","foreign"
"151","graphics"
"152","grDevices"
"153","grid"
"154","KernSmooth"
"155","lattice"
"156","MASS"
"157","Matrix"
"158","methods"
"159","mgcv"
"160","nlme"
"161","nnet"
"162","parallel"
"163","rpart"
"164","spatial"
"165","splines"
"166","stats"
"167","stats4"
"168","survival"
"169","tcltk"
"170","tools"
"171","translations"
"172","utils"
